<?xml version='1.0' encoding='UTF-8'?>
<faces-config version="3.0" xmlns="https://jakarta.ee/xml/ns/jakartaee"
              xmlns:xsi="http://www.w3.org/2001/XMLSchema-instance"
              xsi:schemaLocation="https://jakarta.ee/xml/ns/jakartaee
                                  https://jakarta.ee/xml/ns/jakartaee/web-facesconfig_3_0.xsd">

    <managed-bean>
        <managed-bean-name>EmployerBean</managed-bean-name>
        <managed-bean-class>controller.EmployeController</managed-bean-class>
        <managed-bean-scope>request</managed-bean-scope>
    </managed-bean>
</faces-config>